{"cameraMode":{"drawMode":0,"name":"Shaded","section":"Shading Mode"},"sceneLighting":false,"audioPlay":false,"sceneViewState":{"m_AlwaysRefresh":false,"showFog":true,"showSkybox":false,"showFlares":true,"showImageEffects":true,"showParticleSystems":true,"showVisualEffectGraphs":true,"m_FxEnabled":true},"in2DMode":false,"pivot":{"x":119.62372589111328,"y":237.60325622558595,"z":-338.2915954589844},"rotation":{"x":0.18358014523983003,"y":0.24054943025112153,"z":-0.046387165784835818,"w":0.9519893527030945},"size":147.38385009765626,"orthographic":false}