{"cameraMode":{"drawMode":0,"name":"Shaded","section":"Shading Mode"},"sceneLighting":false,"audioPlay":false,"sceneViewState":{"m_AlwaysRefresh":false,"showFog":true,"showSkybox":false,"showFlares":true,"showImageEffects":true,"showParticleSystems":true,"showVisualEffectGraphs":true,"m_FxEnabled":true},"in2DMode":false,"pivot":{"x":6.258487701416016e-7,"y":-0.0660693570971489,"z":0.0000010132789611816407},"rotation":{"x":0.054594047367572787,"y":-0.8935731649398804,"z":0.11318930238485336,"w":0.4309813678264618},"size":0.5737509727478027,"orthographic":false}