{"cameraMode":{"drawMode":0,"name":"Shaded","section":"Shading Mode"},"sceneLighting":false,"audioPlay":false,"sceneViewState":{"m_AlwaysRefresh":false,"showFog":true,"showSkybox":false,"showFlares":true,"showImageEffects":true,"showParticleSystems":true,"showVisualEffectGraphs":true,"m_FxEnabled":true},"in2DMode":false,"pivot":{"x":-3.5762786865234377e-7,"y":-1.1920928955078126e-7,"z":0.04647007957100868},"rotation":{"x":-0.0037194069009274246,"y":-0.9218694567680359,"z":-0.008852195926010609,"w":0.3873676359653473},"size":1.1653648614883423,"orthographic":false}