{"cameraMode":{"drawMode":0,"name":"Shaded","section":"Shading Mode"},"sceneLighting":false,"audioPlay":false,"sceneViewState":{"m_AlwaysRefresh":false,"showFog":true,"showSkybox":false,"showFlares":true,"showImageEffects":true,"showParticleSystems":true,"showVisualEffectGraphs":true,"m_FxEnabled":true},"in2DMode":false,"pivot":{"x":-2.500006675720215,"y":1.4693412780761719,"z":0.1324300616979599},"rotation":{"x":-0.0037194069009274246,"y":-0.9218694567680359,"z":-0.008852195926010609,"w":0.3873676359653473},"size":2.902843713760376,"orthographic":false}