{"cameraMode":{"drawMode":0,"name":"Shaded","section":"Shading Mode"},"sceneLighting":false,"audioPlay":false,"sceneViewState":{"m_AlwaysRefresh":false,"showFog":true,"showSkybox":false,"showFlares":true,"showImageEffects":true,"showParticleSystems":true,"showVisualEffectGraphs":true,"m_FxEnabled":true},"in2DMode":false,"pivot":{"x":-0.0011990070343017579,"y":1.0995510816574097,"z":-0.07926607131958008},"rotation":{"x":0.054594047367572787,"y":-0.8935731649398804,"z":0.11318930238485336,"w":0.4309813678264618},"size":3.175297975540161,"orthographic":false}