{"cameraMode":{"drawMode":0,"name":"Shaded","section":"Shading Mode"},"sceneLighting":true,"audioPlay":false,"sceneViewState":{"m_AlwaysRefresh":false,"showFog":true,"showSkybox":true,"showFlares":true,"showImageEffects":true,"showParticleSystems":true,"showVisualEffectGraphs":true,"m_FxEnabled":true},"in2DMode":false,"pivot":{"x":17.22020721435547,"y":-14.304611206054688,"z":145.81919860839845},"rotation":{"x":0.061339326202869418,"y":0.06283894181251526,"z":-0.003869559383019805,"w":0.9961302280426025},"size":73.17332458496094,"orthographic":false}