{"cameraMode":{"drawMode":0,"name":"Shaded","section":"Shading Mode"},"sceneLighting":true,"audioPlay":false,"sceneViewState":{"m_AlwaysRefresh":false,"showFog":true,"showSkybox":true,"showFlares":true,"showImageEffects":true,"showParticleSystems":true,"showVisualEffectGraphs":true,"m_FxEnabled":true},"in2DMode":false,"pivot":{"x":1.1194747686386109,"y":3.1309924125671388,"z":-4.719223499298096},"rotation":{"x":-0.04796142131090164,"y":0.029067853465676309,"z":0.0014113335637375713,"w":0.9984554052352905},"size":1.2793641090393067,"orthographic":false}