{"cameraMode":{"drawMode":0,"name":"Shaded","section":"Shading Mode"},"sceneLighting":false,"audioPlay":false,"sceneViewState":{"m_AlwaysRefresh":false,"showFog":true,"showSkybox":false,"showFlares":true,"showImageEffects":true,"showParticleSystems":true,"showVisualEffectGraphs":true,"m_FxEnabled":true},"in2DMode":false,"pivot":{"x":0.000008302480637212284,"y":-0.0000016769472495070659,"z":-0.00002123164085787721},"rotation":{"x":0.12389594316482544,"y":0.6819623112678528,"z":-0.11900289356708527,"w":0.7109224796295166},"size":0.000017320508050033823,"orthographic":false}