{"cameraMode":{"drawMode":0,"name":"Shaded","section":"Shading Mode"},"sceneLighting":false,"audioPlay":false,"sceneViewState":{"m_AlwaysRefresh":false,"showFog":true,"showSkybox":false,"showFlares":true,"showImageEffects":true,"showParticleSystems":true,"showVisualEffectGraphs":true,"m_FxEnabled":true},"in2DMode":false,"pivot":{"x":0.0046044886112213139,"y":-0.026172369718551637,"z":-0.013632535934448243},"rotation":{"x":0.054594047367572787,"y":-0.8935731649398804,"z":0.11318930238485336,"w":0.4309813678264618},"size":0.8504198789596558,"orthographic":false}