{"cameraMode":{"drawMode":0,"name":"Shaded","section":"Shading Mode"},"sceneLighting":false,"audioPlay":false,"sceneViewState":{"m_AlwaysRefresh":false,"showFog":true,"showSkybox":false,"showFlares":true,"showImageEffects":true,"showParticleSystems":true,"showVisualEffectGraphs":true,"m_FxEnabled":true},"in2DMode":false,"pivot":{"x":-0.030107498168945314,"y":2.5055410861968996,"z":0.02751779556274414},"rotation":{"x":-0.14703254401683808,"y":0.23121941089630128,"z":-0.035372741520404819,"w":-0.9610784649848938},"size":5.920650482177734,"orthographic":false}