{"cameraMode":{"drawMode":0,"name":"Shaded","section":"Shading Mode"},"sceneLighting":false,"audioPlay":false,"sceneViewState":{"m_AlwaysRefresh":false,"showFog":true,"showSkybox":false,"showFlares":true,"showImageEffects":true,"showParticleSystems":true,"showVisualEffectGraphs":true,"m_FxEnabled":true},"in2DMode":false,"pivot":{"x":0.08965304493904114,"y":0.4690241813659668,"z":0.077251136302948},"rotation":{"x":0.04797220602631569,"y":-0.08268469572067261,"z":0.0038743000477552416,"w":0.9954099059104919},"size":0.759040892124176,"orthographic":false}