{"cameraMode":{"drawMode":0,"name":"Shaded","section":"Shading Mode"},"sceneLighting":false,"audioPlay":false,"sceneViewState":{"m_AlwaysRefresh":false,"showFog":true,"showSkybox":false,"showFlares":true,"showImageEffects":true,"showParticleSystems":true,"showVisualEffectGraphs":true,"m_FxEnabled":true},"in2DMode":false,"pivot":{"x":-0.023066282272338868,"y":2.8837945461273195,"z":0.01054757833480835},"rotation":{"x":0.009431290440261364,"y":-0.987278401851654,"z":0.06407497823238373,"w":0.14528338611125947},"size":3.268684148788452,"orthographic":false}