{"cameraMode":{"drawMode":0,"name":"Shaded","section":"Shading Mode"},"sceneLighting":false,"audioPlay":false,"sceneViewState":{"m_AlwaysRefresh":false,"showFog":true,"showSkybox":false,"showFlares":true,"showImageEffects":true,"showParticleSystems":true,"showVisualEffectGraphs":true,"m_FxEnabled":true},"in2DMode":false,"pivot":{"x":-0.09282898902893067,"y":11.696687698364258,"z":0.002847909927368164},"rotation":{"x":0.009431290440261364,"y":-0.987278401851654,"z":0.06407497823238373,"w":0.14528338611125947},"size":12.345308303833008,"orthographic":false}