{"cameraMode":{"drawMode":0,"name":"Shaded","section":"Shading Mode"},"sceneLighting":false,"audioPlay":false,"sceneViewState":{"m_AlwaysRefresh":false,"showFog":true,"showSkybox":false,"showFlares":true,"showImageEffects":true,"showParticleSystems":true,"showVisualEffectGraphs":true,"m_FxEnabled":true},"in2DMode":false,"pivot":{"x":-2.4267518520355226,"y":1.1514369249343873,"z":-3.2944304943084719},"rotation":{"x":0.003980714827775955,"y":-0.9928435683250427,"z":0.0345744863152504,"w":0.11428793519735336},"size":2.9969394207000734,"orthographic":false}