{"cameraMode":{"drawMode":0,"name":"Shaded","section":"Shading Mode"},"sceneLighting":false,"audioPlay":false,"sceneViewState":{"m_AlwaysRefresh":false,"showFog":true,"showSkybox":false,"showFlares":true,"showImageEffects":true,"showParticleSystems":true,"showVisualEffectGraphs":true,"m_FxEnabled":true},"in2DMode":false,"pivot":{"x":-0.07415324449539185,"y":1.1758493185043336,"z":0.09623384475708008},"rotation":{"x":0.03710774704813957,"y":0.3149169981479645,"z":-0.012438829056918621,"w":0.9483088254928589},"size":1.8734302520751954,"orthographic":false}