{"cameraMode":{"drawMode":0,"name":"Shaded","section":"Shading Mode"},"sceneLighting":false,"audioPlay":false,"sceneViewState":{"m_AlwaysRefresh":false,"showFog":true,"showSkybox":false,"showFlares":true,"showImageEffects":true,"showParticleSystems":true,"showVisualEffectGraphs":true,"m_FxEnabled":true},"in2DMode":false,"pivot":{"x":0.23076868057250977,"y":0.6711341142654419,"z":0.5459704399108887},"rotation":{"x":-0.02486366033554077,"y":0.1992238163948059,"z":0.004943949170410633,"w":0.979623019695282},"size":1.1004465818405152,"orthographic":false}