{"cameraMode":{"drawMode":0,"name":"Shaded","section":"Shading Mode"},"sceneLighting":false,"audioPlay":false,"sceneViewState":{"m_AlwaysRefresh":false,"showFog":true,"showSkybox":false,"showFlares":true,"showImageEffects":true,"showParticleSystems":true,"showVisualEffectGraphs":true,"m_FxEnabled":true},"in2DMode":false,"pivot":{"x":-8.731340408325196,"y":0.028917483985424043,"z":-10.87443733215332},"rotation":{"x":0.014562685042619706,"y":-0.9743915796279907,"z":0.06617488712072373,"w":0.2144242823123932},"size":9.65413761138916,"orthographic":false}