{"cameraMode":{"drawMode":0,"name":"Shaded","section":"Shading Mode"},"sceneLighting":false,"audioPlay":false,"sceneViewState":{"m_AlwaysRefresh":false,"showFog":true,"showSkybox":false,"showFlares":true,"showImageEffects":true,"showParticleSystems":true,"showVisualEffectGraphs":true,"m_FxEnabled":true},"in2DMode":false,"pivot":{"x":-0.00007402896881103516,"y":1.2284024953842164,"z":-0.06353956460952759},"rotation":{"x":0.054594047367572787,"y":-0.8935731649398804,"z":0.11318930238485336,"w":0.4309813678264618},"size":2.3219401836395265,"orthographic":false}