{"cameraMode":{"drawMode":0,"name":"Shaded","section":"Shading Mode"},"sceneLighting":false,"audioPlay":false,"sceneViewState":{"m_AlwaysRefresh":false,"showFog":true,"showSkybox":false,"showFlares":true,"showImageEffects":true,"showParticleSystems":true,"showVisualEffectGraphs":true,"m_FxEnabled":true},"in2DMode":false,"pivot":{"x":-11.533082008361817,"y":-2.5878050327301027,"z":-23.68770408630371},"rotation":{"x":-0.03354781121015549,"y":0.9646006226539612,"z":-0.15201649069786073,"w":-0.21286939084529878},"size":11.335732460021973,"orthographic":false}