{"cameraMode":{"drawMode":0,"name":"Shaded","section":"Shading Mode"},"sceneLighting":false,"audioPlay":false,"sceneViewState":{"m_AlwaysRefresh":false,"showFog":true,"showSkybox":false,"showFlares":true,"showImageEffects":true,"showParticleSystems":true,"showVisualEffectGraphs":true,"m_FxEnabled":true},"in2DMode":false,"pivot":{"x":4.76837158203125e-7,"y":1.3823010921478272,"z":-0.04992181062698364},"rotation":{"x":-0.044606875628232959,"y":0.903082549571991,"z":-0.09682603925466538,"w":-0.41603195667266848},"size":2.350696325302124,"orthographic":false}