{"cameraMode":{"drawMode":0,"name":"Shaded","section":"Shading Mode"},"sceneLighting":false,"audioPlay":false,"sceneViewState":{"m_AlwaysRefresh":false,"showFog":true,"showSkybox":false,"showFlares":true,"showImageEffects":true,"showParticleSystems":true,"showVisualEffectGraphs":true,"m_FxEnabled":true},"in2DMode":false,"pivot":{"x":-4.230007171630859,"y":-0.05935581400990486,"z":-14.55301570892334},"rotation":{"x":0.009265906177461148,"y":-0.9907194375991821,"z":0.09271320700645447,"w":0.09901062399148941},"size":5.7065815925598148,"orthographic":false}